{"cameraMode":{"drawMode":0,"name":"Shaded","section":"Shading Mode"},"sceneLighting":true,"audioPlay":false,"sceneViewState":{"m_AlwaysRefresh":true,"showFog":true,"showSkybox":true,"showFlares":true,"showImageEffects":true,"showParticleSystems":true,"showVisualEffectGraphs":true,"m_FxEnabled":false},"in2DMode":false,"pivot":{"x":88.68893432617188,"y":-7.594211101531982,"z":34.14499282836914},"rotation":{"x":0.047970935702323917,"y":0.5387970805168152,"z":-0.030737293884158136,"w":0.8405933380126953},"size":52.43523025512695,"orthographic":false}